Date,Sunrise,Sunset
2025-12-01,07:40:44,15:44:18
2025-12-02,07:42:08,15:43:41
2025-12-03,07:43:31,15:43:07
2025-12-04,07:44:51,15:42:36
2025-12-05,07:46:09,15:42:08
2025-12-06,07:47:25,15:41:44
2025-12-07,07:48:38,15:41:23
2025-12-08,07:49:49,15:41:06
2025-12-09,07:50:58,15:40:52
2025-12-10,07:52:04,15:40:42
2025-12-11,07:53:07,15:40:35
2025-12-12,07:54:07,15:40:31
2025-12-13,07:55:05,15:40:31
2025-12-14,07:55:59,15:40:35
2025-12-15,07:56:51,15:40:42
2025-12-16,07:57:39,15:40:53
2025-12-17,07:58:25,15:41:07
2025-12-18,07:59:07,15:41:25
2025-12-19,07:59:46,15:41:46
2025-12-20,08:00:21,15:42:11
2025-12-21,08:00:54,15:42:39
2025-12-22,08:01:23,15:43:10
2025-12-23,08:01:49,15:43:45
2025-12-24,08:02:11,15:44:23
2025-12-25,08:02:30,15:45:05
2025-12-26,08:02:45,15:45:50
2025-12-27,08:02:57,15:46:38
2025-12-28,08:03:05,15:47:29
2025-12-29,08:03:10,15:48:24
2025-12-30,08:03:12,15:49:21
2025-12-31,08:03:10,15:50:21
